<FilesMatch "\.(ico|pdf|flv|jpg|jpeg|png|webp|gif|js|swf|svg)$">
Header set Cache-Control "max-age=31536000, public"
</FilesMatch>



DirectoryIndex index.html

DirectoryIndex en/index.html

Redirect /preamble /en/preamble.php
Redirect /preamble.html /en/preamble.php
Redirect /preamble.php /en/preamble.php
Redirect en/preamble.html /en/preamble.php
Redirect en/preamble /en/preamble.php

Redirect /preface /en/preface.php
Redirect /preface.html /en/preface.php
Redirect /preface.php /en/preface.php
Redirect en/preface.html /en/preface.php
Redirect en/preface /en/preface.php

Redirect /epigraph /en/epigraph.php
Redirect /epigraph.html /en/epigraph.php
Redirect /epigraph.php /en/epigraph.php
Redirect en/epigraph.html /en/epigraph.php
Redirect en/epigraph /en/epigraph.php

Redirect /imagine /en/imagine.php
Redirect /imagine.html /en/imagine.php
Redirect /imagine.php /en/imagine.php
Redirect en/imagine.html /en/imagine.php
Redirect en/imagine /en/imagine.php

Redirect /plastic /en/plastic.php
Redirect /plastic.html /en/plastic.php
Redirect /plastic.php /en/plastic.php
Redirect en/plastic.html /en/plastic.php
Redirect en/plastic /en/plastic.php

Redirect /interstellar /en/stellar.php
Redirect /stellar /en/stellar.php
Redirect /stellar.html /en/stellar.php
Redirect /stellar.php /en/stellar.php
Redirect en/stellar.html /en/stellar.php
Redirect en/stellar /en/stellar.php
Redirect en/interstellar /en/stellar.php
Redirect en/interstellar.php /en/stellar.php

Redirect /patterns /en/patterns.php
Redirect /patterns.html /en/patterns.php
Redirect /patterns.php /en/patterns.php
Redirect en/patterns.html /en/patterns.php
Redirect en/patterns /en/patterns.php

Redirect /kincentric /en/kincentric.php
Redirect /kincentric.html /en/kincentric.php
Redirect /kincentric.php /en/kincentric.php
Redirect en/kincentric.html /en/kincentric.php
Redirect en/kincentric /en/kincentric.php

Redirect /nature /en/nature.php
Redirect /nature.html /en/nature.php
Redirect /nature.php /en/nature.php
Redirect en/nature.html /en/nature.php
Redirect en/nature /en/nature.php

Redirect /earthen /en/earthen.php
Redirect /earthen.html /en/earthen.php
Redirect /earthen.php /en/earthen.php
Redirect en/earthen.html /en/earthen.php
Redirect en/earthen /en/earthen.php

Redirect /epigraph-2 /en/epigraph-2.php
Redirect /epigraph-2.html /en/epigraph-2.php
Redirect /epigraph2 /en/epigraph-2.php
Redirect /epigraph2.php /en/epigraph-2.php
Redirect en/epigraph-2.html /en/epigraph-2.php
Redirect en/epigraph-2 /en/epigraph-2.php

Redirect /spirals /en/spirals.php
Redirect /spirals.html /en/spirals.php
Redirect /spirals.php /en/spirals.php
Redirect en/spirals.html /en/spirals.php
Redirect en/spirals /en/spirals.php

Redirect /energy /en/energy.php
Redirect /energy.html /en/energy.php
Redirect /salmon /en/energy.php
Redirect /salmon.php /en/energy.php
Redirect en/salmon.html /en/energy.php
Redirect en/salmon /en/energy.php

Redirect /matter /en/unpublished.php
Redirect /matter.html /en/unpublished.php
Redirect /matter.php /en/unpublished.php
Redirect /mollusc /en/unpublished.php

Redirect /diversity /en/unpublished.php
Redirect /diversification /en/unpublished.php
Redirect /diversification.html /en/unpublished.php
Redirect /diversification.php /en/unpublished.php
Redirect /polyp /en/unpublished.php

Redirect /aware /en/unpublished.php
Redirect /awaring /en/unpublished.php
Redirect /awaring.html /en/unpublished.php
Redirect /awaring.php /en/unpublished.php
Redirect /myco /en/unpublished.php

Redirect /books/french.pdf https://files.earthen.io/s/ZnQ49QC2FimmKb4
Redirect /books/english.pdf https://files.earthen.io/s/ZjS9TgWk5Tr7b4q


Redirect /preambule /fr/preambule.html
Redirect /fr/preambule /fr/preambule.html
Redirect /fr/preamble /fr/preambule.html
Redirect /fr/preamble.html /fr/preambule.html
Redirect /fr/preamble.php /fr/preambule.html

Redirect /lepreface /fr/lepreface.html
Redirect /fr/preface /fr/lepreface.html
Redirect /fr/preface /fr/lepreface.html
Redirect /fr/preface.html /fr/lepreface.html
Redirect /fr/preface.php /fr/lepreface.html







AddType text/cache-manifest .appcache

Redirect /writing /publishing.php
